{
  "tailor": 3.684530233597409,
  "labour": 3.617859977672039,
  "driver": 3.499583937480912,
  "factory": 4.0544594842690245,
  "farming": 3.5168808532821125,
  "furniture": 4.826846778522808,
  "maid": 4.282466138158193,
  "middle class": 4.1140447039641455,
  "nan": 3.720280165579935,
  "no effect": 3.0,
  "painter": 3.656273198810822,
  "plumber": 3.771557764529872,
  "poor": 3.5240307378157114,
  "priest": 4.029473486563582,
  "private job": 3.8216205346377077,
  "ragpicker": 3.9686260150995625,
  "shopkeeper": 3.6002440001723257,
  "single mother parent": 3.6472819376666608,
  "sweetseller": 3.0,
  "tea seller": 4.521470475740478,
  "vendor": 3.95600584089192,
  "welding": 3.0246049300026416,
  "wood cutter": 3.825239283051381,
  "security guard": 2.0,
  "housekeeper": 2.0,
  "daily wage worker": 1.0,
  "rickshaw puller": 1.0,
  "street vendor": 3.0,
  "electrician": 4.065029333018335,
  "hawker": 2.0,
  "coolie": 1.0,
  "fisherman": 3.0,
  "mechanic": 4.053985142249648,
  "construction worker": 2.0,
  "cobbler": 2.0,
  "barber": 3.0,
  "milkman": 3.0,
  "blacksmith": 3.0,
  "goldsmith": 4.0,
  "potter": 3.0,
  "weaver": 3.0,
  "shepherd": 3.0,
  "priestess": 4.0,
  "beggar": 1.0,
  "fruit seller": 3.0,
  "florist": 3.0,
  "brick kiln worker": 2.0,
  "cook": 4.0,
  "watchman": 2.0,
  "sweeper": 2.0,
  "garbage collector": 1.0,
  "gardener": 3.0,
  "newspaper vendor": 3.0,
  "call center employee": 3.0,
  "delivery person": 3.0,
  "small-scale business owner": 4.0,
  "government clerk": 4.0,
  "army personnel": 5.0,
  "police constable": 4.0,
  "ngo worker": 4.0,
  "taxi driver": 3.0,
  "truck driver": 2.0,
  "factory supervisor": 3.0,
  "small farmer": 2.0,
  "landless labourer": 1.0,
  "carpenter helper": 2.0,
  "tailoring assistant": 3.0,
  "street performer": 4.0,
  "singer": 4.0,
  "actor": 5.0,
  "dancer": 4.0,
  "wedding planner": 4.0,
  "laboratory technician": 4.0,
  "storekeeper": 3.0,
  "beautician": 4.0,
  "housewife": 2.0,
  "retired pensioner": 4.0,
  "college professor": 5.0,
  "shop assistant": 3.0,
  "digital marketer": 4.0,
  "graphic designer": 4.0,
  "web developer": 4.0,
  "software engineer": 5.0,
  "photographer": 4.0,
  "social worker": 4.0,
  "caregiver": 4.0,
  "architect": 5.0,
  "fashion designer": 5.0,
  "interior designer": 5.0,
  "public relations executive": 4.0,
  "marketing executive": 4.0,
  "researcher": 5.0,
  "taxi owner": 3.0,
  "dry cleaner": 3.0,
  "food delivery executive": 3.0,
  "street food vendor": 3.0,
  "shoe polisher": 2.0,
  "travel agent": 4.0,
  "importer": 5.0,
  "exporter": 5.0,
  "corporate manager": 5.0,
  "teacher": 3.956587589378452,
  "journalist": 4.0,
  "accountant": 4.0,
  "bank clerk": 4.0,
  "receptionist": 3.0,
  "hotel manager": 4.0,
  "real estate agent": 4.0,
  "entrepreneur": 5.0,
  "consultant": 5.0,
  "self-employed artisan": 4.0,
  "caretaker": 4.0,
  "security supervisor": 3.0,
  "veterinary doctor": 4.0,
  "government official": 4.0,
  "real estate developer": 5.0,
  "telephone operator": 3.0,
  "travel guide": 4.0,
  "tailoring entrepreneur": 4.0,
  "rideshare driver": 3.0,
  "mushroom cultivator": 3.0,
  "organic farmer": 4.0,
  "biotech worker": 5.0,
  "supply chain manager": 5.0,
  "product designer": 5.0,
  "public health worker": 4.0,
  "small-scale industrialist": 4.0,
  "organic product seller": 4.0,
  "community organizer": 4.0,
  "data entry operator": 3.0,
  "tiffin service provider": 3.0,
  "computer technician": 4.0,
  "ngo": 3.9454351421860427,
  "businessman": 4.095665313682505,
  "deputy officer": 3.9454351421860427,
  "army": 3.8961899096275965,
  "government job": 3.7454813426541596,
  "politician": 3.9454351421860427,
  "chef": 3.686228235456256,
  "buisnessman": 3.7932775349149477,
  "nurse": 4.394081993403741,
  "personal assistant": 3.460932304404208,
  "property dealer": 4.044544026159057,
  "public relation officer": 4.3766283296975,
  "tourist merchant": 3.913423389261404,
  "dentist": 4.370135083892105,
  "contractor": 3.777284024959132,
  "manager": 4.460356091387439,
  "reseptionist": 3.913423389261404,
  "director": 3.913423389261404,
  "cattle rearing": 3.912841798359593,
  "carpentar": 4.065436326267152,
  "banking": 3.4567116946307017,
  "doctor": 3.775671336785806,
  "horticulture": 3.913423389261404,
  "lawyer": 3.4870396577899925,
  "lic agent": 3.0,
  "peon": 3.912882285444288,
  "police": 3.266393871506038,
  "wholesaler": 3.0,
  "principal": 4.369323428166432,
  "clerk": 4.3687201416982155,
  "airport authority management": 3.4180682302604453,
  "builder": 3.3489092754850986,
  "guard": 4.369323428166432,
  "post master": 3.456441142722144,
  "professor": 3.7987566810321045,
  "railways": 3.348699427256607,
  "sales": 3.4561688998641564,
  "carpenter": 3.0,
  "dairy": 3.0,
  "goverment jov": 3.0
}