{
  "tailor": 3.7499640588280925,
  "labour": 3.7671651547592675,
  "driver": 3.6244742926694564,
  "factory": 4.249936665566715,
  "farming": 3.765910442149422,
  "furniture": 4.999898664906739,
  "maid": 4.499926356772144,
  "middle class": 4.124944767579106,
  "nan": 3.9708124702897565,
  "no effect": 3.0,
  "painter": 3.7499167186793088,
  "plumber": 3.751077517856304,
  "poor": 3.7744478909063224,
  "priest": 4.06954616254073,
  "private job": 3.790797835059135,
  "ragpicker": 4.249938814433536,
  "shopkeeper": 3.687790363736418,
  "single mother parent": 3.7499636737441095,
  "sweetseller": 3.0,
  "tea seller": 4.666585735497499,
  "vendor": 3.9999512622733437,
  "welding": 3.167027281647757,
  "wood cutter": 4.19669611235746,
  "security guard": 2.0,
  "housekeeper": 2.0,
  "daily wage worker": 1.0,
  "rickshaw puller": 1.0,
  "street vendor": 3.0,
  "electrician": 4.165930301174089,
  "hawker": 2.0,
  "coolie": 1.0,
  "fisherman": 3.0,
  "mechanic": 4.2488733921755655,
  "construction worker": 2.0,
  "cobbler": 2.0,
  "barber": 3.0,
  "milkman": 3.0,
  "blacksmith": 3.0,
  "goldsmith": 4.0,
  "potter": 3.0,
  "weaver": 3.0,
  "shepherd": 3.0,
  "priestess": 4.0,
  "beggar": 1.0,
  "fruit seller": 3.0,
  "florist": 3.0,
  "brick kiln worker": 2.0,
  "cook": 4.0,
  "watchman": 2.0,
  "sweeper": 2.0,
  "garbage collector": 1.0,
  "gardener": 3.0,
  "newspaper vendor": 3.0,
  "call center employee": 3.0,
  "delivery person": 3.0,
  "small-scale business owner": 4.0,
  "government clerk": 4.0,
  "army personnel": 5.0,
  "police constable": 4.0,
  "ngo worker": 4.0,
  "taxi driver": 3.0,
  "truck driver": 2.0,
  "factory supervisor": 3.0,
  "small farmer": 2.0,
  "landless labourer": 1.0,
  "carpenter helper": 2.0,
  "tailoring assistant": 3.0,
  "street performer": 4.0,
  "singer": 4.0,
  "actor": 5.0,
  "dancer": 4.0,
  "wedding planner": 4.0,
  "laboratory technician": 4.0,
  "storekeeper": 3.0,
  "beautician": 4.0,
  "housewife": 2.0,
  "retired pensioner": 4.0,
  "college professor": 5.0,
  "shop assistant": 3.0,
  "digital marketer": 4.0,
  "graphic designer": 4.0,
  "web developer": 4.0,
  "software engineer": 5.0,
  "photographer": 4.0,
  "social worker": 4.0,
  "caregiver": 4.0,
  "architect": 5.0,
  "fashion designer": 5.0,
  "interior designer": 5.0,
  "public relations executive": 4.0,
  "marketing executive": 4.0,
  "researcher": 5.0,
  "taxi owner": 3.0,
  "dry cleaner": 3.0,
  "food delivery executive": 3.0,
  "street food vendor": 3.0,
  "shoe polisher": 2.0,
  "travel agent": 4.0,
  "importer": 5.0,
  "exporter": 5.0,
  "corporate manager": 5.0,
  "teacher": 3.954335062618589,
  "journalist": 4.0,
  "accountant": 4.0,
  "bank clerk": 4.0,
  "receptionist": 3.0,
  "hotel manager": 3.0,
  "real estate agent": 4.0,
  "entrepreneur": 5.0,
  "consultant": 5.0,
  "self-employed artisan": 4.0,
  "caretaker": 4.0,
  "security supervisor": 3.0,
  "veterinary doctor": 4.0,
  "government official": 4.0,
  "real estate developer": 5.0,
  "telephone operator": 3.0,
  "travel guide": 4.0,
  "tailoring entrepreneur": 4.0,
  "rideshare driver": 3.0,
  "mushroom cultivator": 3.0,
  "organic farmer": 4.0,
  "biotech worker": 5.0,
  "supply chain manager": 5.0,
  "product designer": 5.0,
  "public health worker": 4.0,
  "small-scale industrialist": 4.0,
  "organic product seller": 4.0,
  "community organizer": 4.0,
  "data entry operator": 3.0,
  "tiffin service provider": 3.0,
  "computer technician": 4.0,
  "army": 4.000218033591611,
  "banking": 3.499975932915351,
  "buisnessman": 3.8583884749779784,
  "carpentar": 4.16660755452893,
  "cattle rearing": 3.999949332453366,
  "chef": 3.793506120275885,
  "contractor": 4.017583433449287,
  "dentist": 4.499923998680055,
  "doctor": 3.933522004844362,
  "government job": 3.897013196308217,
  "horticulture": 3.9999493324533697,
  "lawyer": 3.499975452257382,
  "lic agent": 3.0,
  "peon": 3.9999509045147636,
  "personal assistant": 3.4999751920339612,
  "police": 3.3332112799438387,
  "principal": 4.499927033361734,
  "property dealer": 4.200010594222028,
  "public relation officer": 4.499926577320245,
  "railways": 3.4636105178717487,
  "tourist merchant": 3.9999512622733446,
  "ngo": 3.9999518658307016,
  "businessman": 4.417940302078007,
  "professor": 3.970678737388102,
  "deputy officer": 3.9999518658307016,
  "director": 3.9999518658307016,
  "post master": 3.499975932915351,
  "airport authority management": 3.491143274290634,
  "builder": 3.4645694640027282,
  "clerk": 4.493372710566784,
  "guard": 4.493372710566781,
  "manager": 4.592789709923614,
  "nurse": 4.567409397872727,
  "politician": 3.9954935687022566,
  "reseptionist": 3.995554193338549,
  "sales": 3.497777096669275,
  "wholesaler": 3.0,
  "carpenter": 3.0,
  "dairy": 3.0
}