{
  "category_weights": {
    "highly_positive": 4.262601442261091,
    "positive": 3.749450875125869,
    "negative": 3.8243349650202694,
    "highly_negative": 4.022969956900846
  }
}