{
  "slope": 0.002438993989583765,
  "intercept": 3.803244805316288,
  "fit_source": "online_learning"
}